"","Value","Std.Error","DF","t.value","p.value"
"(Intercept)",-49.8738241783053,11.5091118192822,530,-4.3334207679473,1.75691520372297e-05
"regiondors",1.15342138047224,1.27336320117817,530,0.905807062278105,0.365449577578687
"regionhead",7.35253557927329,1.2705946620453,530,5.78668854742217,1.22928508452739e-08
"regionmite",6.49922219120386,1.28414551567242,530,5.06112594864351,5.75758609271235e-07
"regionvent",10.6330425157172,1.27331322884378,530,8.35068879742373,5.95543556859079e-16
"mass_g",0.665329392349029,0.225430219571522,131,2.95137623346873,0.00374953042562567
"cloacal_temp_C",1.97837787192416,0.33964144833312,131,5.82490117632452,4.19040251089914e-08
"RH_percent_interpol",-0.126784716292174,0.0729822567985735,131,-1.73719917489113,0.0847024013765264
"temp_C_interpol:RH_percent_interpol",0.0211708498305849,0.00819151019707221,131,2.58448678219942,0.0108474429778509
