"","Modnames","K","AICc","Delta_AICc","ModelLik","AICcWt","Res.LL","Cum.Wt"
"3","(model 3) ~ day",6,178.168299244503,0,1,0.550527779097813,-82.6555781936803,0.550527779097813
"2","(model 2) ~ day + humidity",7,179.142130988835,0.973831744331306,0.614518728899894,0.338309631035269,-81.9937459067885,0.888837410133082
"1","(model 1) ~ day * humidity",9,181.368066271128,3.19976702662441,0.201920037621149,0.111162589866918,-80.7366647145113,1
"4","null model",4,278.221490429077,100.053191184573,1.87812972319159e-22,1.03396258536625e-22,-134.910745214538,1
