"","effect","group","term","estimate","std.error","statistic","df","p.value"
"1","fixed",NA,"(Intercept)",10.8312767723293,0.269245750789296,40.2282180520112,34.239310029645,2.05422198187082e-30
"2","fixed",NA,"dayMid Acclimation",-0.617286885274032,0.06316837966225,-9.77208673983018,67.9999972055476,1.38933937247123e-14
"3","fixed",NA,"dayAfter Acclimation",-1.03082193645447,0.06316837966225,-16.3186382485365,67.999997203812,3.28593135118962e-25
"4","fixed",NA,"humidity_tmt_percentDry",-0.454331596236085,0.382769455436665,-1.18695885939431,33.0000080836848,0.243718433232656
"5","ran_pars","individual_ID:trial_number","sd__(Intercept)",1.12145488012405,NA,NA,NA,NA
"6","ran_pars","trial_number","sd__(Intercept)",0,NA,NA,NA,NA
"7","ran_pars","Residual","sd__Observation",0.264252291021663,NA,NA,NA,NA
