"","effect","group","term","estimate","std.error","statistic","df","p.value"
"1","fixed",NA,"(Intercept)",378.509272423721,10.0349758733595,37.7190017395632,4.37933830487548,1.13335120159195e-06
"2","fixed",NA,"dayMid Acclimation",-29.5000000000005,6.61464366840606,-4.45980183950092,92.9511117354456,2.29346899047188e-05
"3","fixed",NA,"dayAfter Acclimation",-13.8852715649941,6.71316183852403,-2.06836538414914,92.9557640574056,0.0413831572723722
"4","fixed",NA,"humidity_tmt_percentDry",-10.2149493974519,6.71315803192824,-1.52163100419636,92.955744199731,0.131496142446737
"5","fixed",NA,"dayMid Acclimation:humidity_tmt_percentDry",12.3235294117653,9.49108832815864,1.29843164299749,92.9511117388136,0.197351321576962
"6","fixed",NA,"dayAfter Acclimation:humidity_tmt_percentDry",17.7833294313484,9.72079705936676,1.82941062576888,92.9544141212102,0.0705439701450567
"7","ran_pars","individual_ID:trial_number","sd__(Intercept)",0,NA,NA,NA,NA
"8","ran_pars","trial_number","sd__(Intercept)",17.7062222770089,NA,NA,NA,NA
"9","ran_pars","Residual","sd__Observation",19.8439310052182,NA,NA,NA,NA
