"","Modnames","K","AICc","Delta_AICc","ModelLik","AICcWt","Res.LL","Cum.Wt"
"1","(model 1) ~ day * humidity",8,683.344311588487,0,1,0.739824679367065,-332.922155794244,0.739824679367065
"3","(model 3) ~ day",5,686.814246060102,3.46993447161492,0.176405979991149,0.130509497585385,-338.104092727021,0.87033417695245
"2","(model 2) ~ day + humidity",6,686.827218155211,3.48290656672384,0.175265505001743,0.129665746042021,-336.985037649034,0.999999922994471
"4","null model",3,715.500404732937,32.1560931444492,1.04086185712077e-07,7.70055289709779e-08,-354.63139048528,1
