"","effect","group","term","estimate","std.error","statistic","df","p.value"
"1","fixed",NA,"(Intercept)",10.6106014256004,0.195878756459284,54.1692300757789,36.4621662718735,1.90767808988551e-36
"2","fixed",NA,"dayMid Acclimation",-0.617286885274033,0.0631683467212034,-9.77209183578064,68.0000333079344,1.38930274402618e-14
"3","fixed",NA,"dayAfter Acclimation",-1.03082193645447,0.0631683467212034,-16.3186467583845,68.0000333083564,3.28579029597645e-25
"4","ran_pars","individual_ID:trial_number","sd__(Intercept)",1.12830308464286,NA,NA,NA,NA
"5","ran_pars","trial_number","sd__(Intercept)",1.37697344414655e-05,NA,NA,NA,NA
"6","ran_pars","Residual","sd__Observation",0.264252153219379,NA,NA,NA,NA
