"","effect","group","term","estimate","std.error","statistic","df","p.value"
"1","fixed",NA,"(Intercept)",36.122859888441,1.88506884065369,19.162621072191,7.48869945136073,1.23330218397209e-07
"2","fixed",NA,"dayMid Acclimation",-6.61111111111108,1.60791950309623,-4.11159333435575,66.000040465612,0.000111018825449212
"3","fixed",NA,"dayAfter Acclimation",-8.22222222222219,1.60791950309623,-5.11357826457691,66.0000404641364,2.92397444765088e-06
"4","fixed",NA,"humidity_tmt_percentDry",-0.889290732759814,2.14381190136872,-0.41481751836159,66.5297077208431,0.679610110487507
"5","fixed",NA,"dayMid Acclimation:humidity_tmt_percentDry",1.72875816993464,2.30713955180184,0.749308020221191,66.0000404647428,0.456334034311056
"6","fixed",NA,"dayAfter Acclimation:humidity_tmt_percentDry",0.339869281045756,2.30713955180184,0.147311973729688,66.0000404655479,0.883334872819342
"7","ran_pars","individual_ID:trial_number","sd__(Intercept)",4.10891037121922,NA,NA,NA,NA
"8","ran_pars","trial_number","sd__(Intercept)",2.2530641643793,NA,NA,NA,NA
"9","ran_pars","Residual","sd__Observation",4.82375850928869,NA,NA,NA,NA
