"","effect","group","term","estimate","std.error","statistic","df","p.value"
"1","fixed",NA,"(Intercept)",288.681775361758,119.095703958078,2.42394784839068,18.7787602828388,0.0256292613406779
"2","fixed",NA,"VPD_kPa_int",142.802974987025,248.357502898107,0.574989574788937,8.89151917254539,0.579554580618174
"3","fixed",NA,"temp_C_interpol",3.57834456813384,5.91779311017821,0.604675510196415,53.2602142735558,0.547962181377893
"4","fixed",NA,"SMI",-0.869154839540766,1.25064110792592,-0.694967432329314,112.519089359452,0.488508375051296
"5","fixed",NA,"VPD_kPa_int:temp_C_interpol",-5.80055247281023,9.51584837465532,-0.609567559762671,9.44984228275782,0.556519480541651
"6","ran_pars","date","sd__(Intercept)",28.8386014278089,NA,NA,NA,NA
"7","ran_pars","hemolyzed","sd__(Intercept)",5.59153949506275,NA,NA,NA,NA
"8","ran_pars","Residual","sd__Observation",17.7016111681077,NA,NA,NA,NA
