"","effect","group","term","estimate","std.error","statistic","df","p.value"
"1","fixed",NA,"(Intercept)",10.88366455194,0.20373864696206,53.4197351078254,20.1519324211889,3.47308253323265e-23
"2","fixed",NA,"day",-0.12788470050742,0.0322333262408398,-3.96746831375379,110.924241105976,0.000129157615207838
"3","fixed",NA,"humidity_tmt_percentDry",-0.588875493183528,0.208409351691578,-2.82557134986436,111.108457541219,0.00559714955306477
"4","ran_pars","trial_number","sd__(Intercept)",0.112349104940025,NA,NA,NA,NA
"5","ran_pars","Residual","sd__Observation",1.12654719625037,NA,NA,NA,NA
