"","effect","group","term","estimate","std.error","statistic","df","p.value"
"1","fixed",NA,"(Intercept)",10.3769451760934,0.224392685590858,46.2445785555329,100.999999997624,8.78069313097185e-70
"2","fixed",NA,"dayMid",-0.617286885274054,0.272825045849743,-2.26257410990786,100.999999997772,0.0258030065717433
"3","fixed",NA,"dayAfter",-1.03082193645449,0.272825045849743,-3.7783258983569,100.999999997772,0.000267160203139998
"4","fixed",NA,"humidity_tmt_percenthumid",0.454331596236449,0.222851695574331,2.03871725124438,100.999999998102,0.0440909258449107
"5","ran_pars","trial_number","sd__(Intercept)",0,NA,NA,NA,NA
"6","ran_pars","Residual","sd__Observation",1.14130905049903,NA,NA,NA,NA
