"","effect","group","term","estimate","std.error","statistic","df","p.value"
"1","fixed",NA,"(Intercept)",369.937904678506,9.80398691754189,37.7334147617629,4.18781940912738,1.82959481574835e-06
"2","fixed",NA,"day",-1.31471280626239,0.876974444376403,-1.4991460865171,106.917358319616,0.136782698373699
"3","fixed",NA,"humidity_tmt_percentDry",-8.15189038092079,6.43855757786541,-1.26610506815152,106.912297763038,0.208227308439094
"4","fixed",NA,"day:humidity_tmt_percentDry",1.90108196133484,1.26611219447204,1.50151145343607,106.908173693491,0.136171195715134
"5","ran_pars","trial_number","sd__(Intercept)",17.3951167535513,NA,NA,NA,NA
"6","ran_pars","Residual","sd__Observation",21.6639701615082,NA,NA,NA,NA
