"","Estimate","Std..Error","t.value"
"(Intercept)",35.0810150358577,1.72782725393103,20.303543051566
"day",-1.05340564605221,0.180507479372014,-5.83580054254266
