"","effect","group","term","estimate","std.error","statistic","df","p.value"
"1","fixed",NA,"(Intercept)",378.509272318334,10.034973398347,37.7190110320254,4.3793430611718,1.13333652770547e-06
"2","fixed",NA,"dayMid Experiment",-29.5,6.61464373300401,-4.45980179594688,92.951110753365,2.29346939603752e-05
"3","fixed",NA,"dayAfter Experiment",-13.8852715465846,6.71316190403241,-2.06836536122331,92.9557630875873,0.0413831595048928
"4","fixed",NA,"humidity_tmt_percentDry",-10.2149493910632,6.71315809743681,-1.52163098839627,92.9557432192047,0.131496146440459
"5","fixed",NA,"dayMid Experiment:humidity_tmt_percentDry",12.3235294117648,9.49108842084766,1.29843163031708,92.9511107545347,0.197351325947872
"6","fixed",NA,"dayAfter Experiment:humidity_tmt_percentDry",17.7833294555179,9.72079715424597,1.82941061039941,92.9544131426802,0.0705439725004679
"7","ran_pars","trial_number","sd__(Intercept)",17.7062166186227,NA,NA,NA,NA
"8","ran_pars","Residual","sd__Observation",19.843931199012,NA,NA,NA,NA
