"","Estimate","Std..Error","t.value"
"(Intercept)",35.5634699792392,3.97351442421898,8.95012983027726
"daybefore",-11.2321425796431,1.85476282963629,-6.05583765221651
"humidity_tmt_percentDry",-13.9332399896308,2.65779382109321,-5.24240815034316
"regionDewlap",0.171917334927681,2.08058852452087,0.0826291853970841
"regionDorsum",-2.60569038351675,2.08040677307006,-1.25249081922163
"regionVentrum",12.8428676470588,2.07205206819883,6.19813944068633
"regionMite Patch",0.651911428646596,2.0980403231404,0.310723974871368
"daybefore:humidity_tmt_percentDry",17.495711461478,2.66425122727266,6.56683997454249
