"","Estimate","Std..Error","t.value"
"(Intercept)",369.937904678506,9.80398691754189,37.7334147617629
"day",-1.31471280626239,0.876974444376403,-1.4991460865171
"humidity_tmt_percentDry",-8.15189038092079,6.43855757786541,-1.26610506815152
"day:humidity_tmt_percentDry",1.90108196133484,1.26611219447204,1.50151145343607
