"","effect","group","term","estimate","std.error","statistic","df","p.value"
"1","fixed",NA,"(Intercept)",10.8312767723299,0.221208358723067,48.9641387642573,100.999999998198,3.49160018091613e-72
"2","fixed",NA,"dayMid",-0.617286885274054,0.272825045849743,-2.26257410990786,100.999999997846,0.0258030065717417
"3","fixed",NA,"dayAfter",-1.03082193645449,0.272825045849743,-3.7783258983569,100.999999997852,0.000267160203139895
"4","fixed",NA,"humidity_tmt_percentDry",-0.454331596236454,0.222851695574331,-2.0387172512444,100.999999997992,0.0440909258449113
"5","ran_pars","trial_number","sd__(Intercept)",0,NA,NA,NA,NA
"6","ran_pars","Residual","sd__Observation",1.14130905049903,NA,NA,NA,NA
