"","Estimate","Std..Error","t.value"
"(Intercept)",10.88366455194,0.20373864696206,53.4197351078254
"day",-0.12788470050742,0.0322333262408398,-3.96746831375379
"humidity_tmt_percentDry",-0.588875493183528,0.208409351691578,-2.82557134986436
