"","effect","group","term","estimate","std.error","statistic","df","p.value"
"1","fixed",NA,"(Intercept)",861.250120947046,330.658433044508,2.60465191532289,20.2787411318618,0.0168370395110742
"2","fixed",NA,"abs_humidity_g_m3_interpol",-57.8952489294371,36.7631164201313,-1.57481885561078,13.2108135998583,0.138934241126876
"3","fixed",NA,"temp_C_interpol",-28.0626205405627,17.7817147025047,-1.57817291583302,17.7067653340481,0.132223529643831
"4","fixed",NA,"abs_humidity_g_m3_interpol:temp_C_interpol",3.2466296533136,1.97417765819633,1.64454786520066,11.8909455286033,0.126220506535108
"5","ran_pars","date","sd__(Intercept)",29.0602067684589,NA,NA,NA,NA
"6","ran_pars","hemolyzed","sd__(Intercept)",4.97846091734267,NA,NA,NA,NA
"7","ran_pars","Residual","sd__Observation",17.4852267640448,NA,NA,NA,NA
